data,chiave,slug,etichetta,n_dataset,media,mediana,min,max,rating
2026-08-02,79d608ae-ea96-4736-9393-4154086f2e23,comune-di-treviglio,Comune di Treviglio,44,398.18,405,305,405,Excellent
2026-08-02,0d3685ca-8d03-4226-a31d-ea60b7fcefce,inps,INPS,3782,393.58,385,385,405,Excellent
2026-08-02,ccc8eb67-5b1d-460c-be0c-1a698c9597aa,universita-della-calabria,Universita della Calabria,5,393.0,385,385,405,Excellent
2026-08-02,184af785-59d7-44b3-aa77-31a8d724dc2b,comune-di-sulmona,Comune di Sulmona,12,388.33,385,385,405,Excellent
2026-08-02,f1086794-56a8-4455-9136-cb23744c0ff2,agenzia-di-tutela-della-salute-di-brescia,Agenzia di Tutela della Salute di Brescia,10,387.0,385,385,405,Excellent
2026-08-02,ab4e5be9-1a12-40da-bb93-559475c37bc9,comune-di-siracusa,Comune di Siracusa,10,385.0,385,385,385,Excellent
2026-08-02,e1b846a5-8eab-44da-b13f-29f192abd0c6,universita-degli-studi-di-urbino-carlo-bo,Universita degli Studi di Urbino Carlo Bo,13,385.0,385,385,385,Excellent
2026-08-02,26a277c1-b2a8-4414-bdf6-965f29aca9c8,agenzia-delle-dogane-e-dei-monopoli,Agenzia delle Dogane e dei Monopoli,31,385.0,385,385,385,Excellent
2026-08-02,15c50db6-58b4-4b9e-88f1-fa2394c7aefa,autorita-idrica-toscana,Autorita Idrica Toscana,12,385.0,385,385,385,Excellent
2026-08-02,0f63e7d6-119a-4a02-85e9-b11066fc5e58,agenzia-di-tutela-della-salute-della-val-padana,Agenzia di Tutela della Salute della Val Padana,13,385.0,385,385,385,Excellent
2026-08-02,bfcad90b-75ba-4ced-9b07-6b2e846c2f70,comune-di-cerreto-guidi,Comune di Cerreto Guidi,5,385.0,385,385,385,Excellent
2026-08-02,561b129a-4c76-4ae9-912b-16d5e12082e7,unione-dei-comuni-valdostani-evancon,Unione dei Comuni Valdostani Evancon,5,385.0,385,385,385,Excellent
2026-08-02,8722baa5-6824-4009-86e3-57075b943c5e,provincia-di-biella,Provincia di Biella,10,385.0,385,385,385,Excellent
2026-08-02,90149045-e871-4c03-b611-c0b7e6ca4b83,comune-di-isernia,Comune di Isernia,8,385.0,385,385,385,Excellent
2026-08-02,6345e208-aeea-4ff9-86ae-bcc1c303f169,comune-di-lizzano,Comune di Lizzano,1,385.0,385,385,385,Excellent
2026-08-02,21c6292b-f32c-4fd1-9f8d-a3392fde8392,comune-di-vecchiano,Comune di Vecchiano,3,385.0,385,385,385,Excellent
2026-08-02,65d89bdc-7a64-4d28-b3de-87c8b58faa43,comunita-montana-valle-imagna,Comunita Montana Valle Imagna,3,385.0,385,385,385,Excellent
2026-08-02,cbed8af0-eb12-43bf-a2f7-4ef4cb9238c3,unione-dei-comuni-del-trasimeno,Unione dei Comuni del Trasimeno,7,385.0,385,385,385,Excellent
2026-08-02,8da04a83-35e0-4f89-8dd2-fdba511e6f5f,provincia-di-catanzaro,Provincia di Catanzaro,8,385.0,385,385,385,Excellent
2026-08-02,9efc13b8-1d90-40b8-9447-9a71823448f5,comune-di-gravina-di-catania,Comune di Gravina di Catania,10,385.0,385,385,385,Excellent
2026-08-02,fc889074-47de-4acb-9ea3-98af4b649e84,comune-di-occhiobello,Comune di Occhiobello,3,385.0,385,385,385,Excellent
2026-08-02,9d4caa30-bcae-4df7-8ba0-ac85650bea46,comune-di-mola-di-bari,Comune di Mola di Bari,5,385.0,385,385,385,Excellent
2026-08-02,d185a6e2-5d7c-4c61-afd2-edb9fa47f182,comune-di-santo-stefano-di-magra,Comune di Santo Stefano di Magra,8,385.0,385,385,385,Excellent
2026-08-02,e05e5762-9b48-4f5e-a72f-0d9af092bf5b,comune-di-sondrio,Comune di Sondrio,16,385.0,385,385,385,Excellent
2026-08-02,fbdec4c2-891e-4e1f-828f-a9e86f31ae59,comune-di-ruvo-di-puglia,Comune di Ruvo di Puglia,5,385.0,385,385,385,Excellent
2026-08-02,9de58538-7d17-40da-bbf8-b6a17d3820dc,comune-di-valenzano,Comune di Valenzano,5,385.0,385,385,385,Excellent
2026-08-02,6f14896c-52ff-467b-9bda-2d2934ffbe18,autorita-di-regolazione-dei-trasporti,Autorita di Regolazione dei Trasporti,32,385.0,385,385,385,Excellent
2026-08-02,0bf640aa-bbd6-4bc8-9409-a5669af7ed19,agenzia-regionale-per-il-lavoro-la-formazione-e-l-accreditamento,Agenzia Regionale per il Lavoro la Formazione e l'Accreditamento,3,385.0,385,385,385,Excellent
2026-08-02,04d03e4d-13f6-4b1d-99eb-4bf11744cd16,libero-consorzio-comunale-di-agrigento,Libero Consorzio Comunale di Agrigento,11,385.0,385,385,385,Excellent
2026-08-02,15e75a8e-378b-4e6f-a414-ab8346c394b8,comune-di-castiglione-del-lago,Comune di Castiglione del Lago,3,385.0,385,385,385,Excellent
2026-08-02,31fbab1c-8afa-4b9a-a0d9-5d46cd2543ae,istituto-zooprofilattico-sperimentale-della-lombardia-e-dell-emilia-romagna-bruno-ubertini,Istituto Zooprofilattico Sperimentale della Lombardia e dell'Emilia Romagna Bruno Ubertini,11,385.0,385,385,385,Excellent
2026-08-02,70318d13-2c24-46ea-8944-12d58fa13ae3,comune-di-tortona,Comune di Tortona,3,385.0,385,385,385,Excellent
2026-08-02,363bf31c-cfec-49bf-b4ca-4af78304983e,universita-degli-studi-di-macerata,Universita degli Studi di Macerata,9,385.0,385,385,385,Excellent
2026-08-02,e15469e8-9a25-4903-87df-0ede1549022c,unione-dei-comuni-valdostani-mont-rose,Unione dei Comuni Valdostani Mont Rose,3,385.0,385,385,385,Excellent
2026-08-02,5f8997d6-3acf-4de6-a07a-c46d5da2d47b,comune-di-sassari,Comune di Sassari,23,385.0,385,385,385,Excellent
2026-08-02,0c4aafe0-74bc-47ad-9878-0a615e9ffc30,comune-di-montale,Comune di Montale,3,385.0,385,385,385,Excellent
2026-08-02,eb41d753-1d8f-4c38-a7e0-8066258fe1cc,universita-degli-studi-di-messina,Universita degli Studi di Messina,13,385.0,385,385,385,Excellent
2026-08-02,49f1740e-4b40-4bd1-8f47-34d270507718,asp-ambito-9,Asp Ambito 9,8,385.0,385,385,385,Excellent
2026-08-02,937e603c-e069-4080-a8cd-9ec39f851bda,agenzia-di-tutela-della-salute-di-bergamo,Agenzia di Tutela della Salute di Bergamo,10,385.0,385,385,385,Excellent
2026-08-02,e1e9f349-ef2d-4894-91f4-d32f30db0a46,comune-di-giovinazzo,Comune di Giovinazzo,4,385.0,385,385,385,Excellent
2026-08-02,b50a950c-fd0c-44e8-bd82-2c75898abe04,comune-di-pisticci,Comune di Pisticci,8,385.0,385,385,385,Excellent
2026-08-02,aebbeaa2-70f6-4952-8ff6-e7579a1076ce,comune-di-la-spezia,Comune di la Spezia,6,385.0,385,385,385,Excellent
2026-08-02,ad653426-628d-444f-966a-c79a31355be5,universita-degli-studi-di-teramo,Universita degli Studi di Teramo,11,385.0,385,385,385,Excellent
2026-08-02,e38a5663-2b13-40a0-8be9-b6e1f05d09d4,comune-di-magione,Comune di Magione,3,385.0,385,385,385,Excellent
2026-08-02,9c4f6260-2af7-4c64-b145-36b178760710,comune-di-termoli,Comune di Termoli,5,385.0,385,385,385,Excellent
2026-08-02,727baae0-0f4e-44cb-89a0-a75385d48a1d,comune-di-vieste,Comune di Vieste,5,385.0,385,385,385,Excellent
2026-08-02,1b9af0d3-6292-49a5-9df2-f3a699acb83d,comune-di-cellole,Comune di Cellole,1,385.0,385,385,385,Excellent
2026-08-02,2e83f50b-b1a4-4668-a484-a8bfbdc936ed,comune-di-benevento,Comune di Benevento,11,385.0,385,385,385,Excellent
2026-08-02,1377acf3-e741-43d1-a533-a695afadbcd3,comune-di-rapallo,Comune di Rapallo,8,385.0,385,385,385,Excellent
2026-08-02,90fc5ad2-237d-49fc-9246-c29a9956df4c,universita-degli-studi-del-piemonte-orientale,Universita degli Studi del Piemonte Orientale,18,385.0,385,385,385,Excellent
2026-08-02,577192d6-7dc6-4fb6-899d-e3f6485cce15,comune-di-sannazzaro-de-burgondi,Comune di Sannazzaro De Burgondi,4,385.0,385,385,385,Excellent
2026-08-02,5b9e346e-78a3-4923-b85b-c73a74cd7768,gal-terra-dei-messapi,Gal Terra dei Messapi,13,385.0,385,385,385,Excellent
2026-08-02,cd67c34e-dc08-44f5-bf58-e50e2601a4de,universita-degli-studi-di-udine,Universita degli Studi di Udine,9,385.0,385,385,385,Excellent
2026-08-02,f5f9730b-e56c-4478-bda0-3ad6157f2751,comune-di-giaveno,Comune di Giaveno,5,385.0,385,385,385,Excellent
2026-08-02,8f03b401-6d17-4410-9dcb-9332966b7696,unione-dei-comuni-valdostani-valdigne-mont-blanc,Unione dei Comuni Valdostani Valdigne Mont Blanc,5,385.0,385,385,385,Excellent
2026-08-02,42c175f4-59d4-4f23-85f6-e9d6e8c9f920,comune-di-mandello-del-lario,Comune di Mandello del Lario,1,385.0,385,385,385,Excellent
2026-08-02,6461fc81-dbf7-4790-9d8d-6efee4c0cb06,agenzia-di-tutela-della-salute-dell-insubria,Agenzia di Tutela della Salute dell'Insubria,10,385.0,385,385,385,Excellent
2026-08-02,37e8c82e-371f-4db7-a426-d81e80b4b30e,comune-di-alba-adriatica,Comune di Alba Adriatica,4,385.0,385,385,385,Excellent
2026-08-02,250720a6-46e3-4f10-abe7-ec9902a49dd7,comune-di-terralba,Comune di Terralba,3,385.0,385,385,385,Excellent
2026-08-02,5bed28f9-a3fc-4dce-a24b-f8c7728e0dc5,comune-di-latina,Comune di Latina,13,385.0,385,385,385,Excellent
2026-08-02,a23ab1ea-4eba-4401-a013-267026452e44,universita-degli-studi-di-catania,Universita degli Studi di Catania,30,385.0,385,385,385,Excellent
2026-08-02,1d92fe0b-49c7-45fe-9ab4-fed6e53f45d6,comune-di-pineto,Comune di Pineto,4,385.0,385,385,385,Excellent
2026-08-02,6e44f061-4fdf-4ddb-9040-095629a08a9b,comune-di-capoterra,Comune di Capoterra,13,385.0,385,385,385,Excellent
2026-08-02,82bf1957-ae6b-461f-8da0-9f20fabd7a6c,comune-di-alessandria,Comune di Alessandria,5,385.0,385,385,385,Excellent
2026-08-02,2552ed41-d9a2-4a04-ba0a-dab5c123e03d,comunita-montana-valtellina-di-tirano,Comunita Montana Valtellina di Tirano,11,385.0,385,385,385,Excellent
2026-08-02,e88d614c-c958-4807-bcbb-a82b59a7dd12,asm-costruire-insieme,Asm Costruire Insieme,3,385.0,385,385,385,Excellent
2026-08-02,cfbe70da-ac17-4fac-8887-fa82d7b9cc65,comune-di-barcellona-pozzo-di-gotto,Comune di Barcellona Pozzo di Gotto,17,385.0,385,385,385,Excellent
2026-08-02,c94061b3-77ca-466f-acb0-5dccf2b54b07,comune-di-quartu-sant-elena,Comune di Quartu Sant Elena,11,385.0,385,385,385,Excellent
2026-08-02,b91100c9-76c3-4800-b54b-e04aef62dd3d,comune-di-san-cesario-di-lecce,Comune di San Cesario di Lecce,1,385.0,385,385,385,Excellent
2026-08-02,628f052b-8df3-4c28-9393-6782500a3525,giustizia-amministrativa,Giustizia Amministrativa,436,385.0,385,385,385,Excellent
2026-08-02,75cb7b56-1316-4b71-9e71-c68c5a62bae5,provincia-di-rovigo,Provincia di Rovigo,15,385.0,385,385,385,Excellent
2026-08-02,81b7f05a-333b-41ea-82a5-172756e4313e,universita-degli-studi-di-ferrara,Universita degli Studi di Ferrara,23,385.0,385,385,385,Excellent
2026-08-02,306186ca-caf4-4958-974e-0a99d2543465,enea-agenzia-nazionale-per-le-nuove-tecnologie-l-energia-e-lo-sviluppo-economico-sostenibile,ENEA Agenzia Nazionale per le Nuove Tecnologie l'Energia e lo Sviluppo Economico Sostenibile,18,385.0,385,385,385,Excellent
2026-08-02,7e7b7ab2-54ec-4df4-8f4a-010b59a2f8d1,consorzio-bim-vomano-tordino-di-teramo,Consorzio Bim Vomano Tordino di Teramo,7,385.0,385,385,385,Excellent
2026-08-02,252d0ba0-2b2c-4e11-9d76-49c92dcda67e,comune-di-arenzano,Comune di Arenzano,10,385.0,385,385,385,Excellent
2026-08-02,5a3755df-20c7-4246-bf94-d6a6a0f30c09,regione-piemonte,Regione Piemonte,908,385.0,385,385,385,Excellent
2026-08-02,b153fe18-d340-4f24-b55b-fb0c140126f2,agcm,AGCM,54,385.0,385,385,385,Excellent
2026-08-02,de0b44d2-783e-4e91-8ec9-c79cca8a2299,politecnico-di-milano,Politecnico di Milano,25,385.0,385,385,385,Excellent
2026-08-02,9d3cfaa3-7e89-45c4-81ed-8beff1781023,comune-di-finale-ligure,Comune di Finale Ligure,2,385.0,385,385,385,Excellent
2026-08-02,4f584de2-6d2d-4662-a8db-68ee4d8b008e,universita-degli-studi-dell-aquila,Universita degli Studi dell'Aquila,16,385.0,385,385,385,Excellent
2026-08-02,a0ca3322-6c33-4420-902a-5dc95ac88d6f,asst-ovest-milanese,Asst Ovest Milanese,22,385.0,385,385,385,Excellent
2026-08-02,b350a43c-e752-4d61-8b04-718141310786,comune-di-campagna,Comune di Campagna,6,385.0,385,385,385,Excellent
2026-08-02,bfe0080a-98b1-495f-a27c-a9ceffde3bf1,ministero-universita-e-ricerca,Ministero Universita e Ricerca,69,385.0,385,385,385,Excellent
2026-08-02,a57f2cbd-a57e-4463-b1bd-c99271a3144b,comune-di-roseto-degli-abruzzi,Comune di Roseto degli Abruzzi,5,385.0,385,385,385,Excellent
2026-08-02,d381b465-d6d5-47ee-b07e-99e121265655,comune-arzachena,Comune Arzachena,11,385.0,385,385,385,Excellent
2026-08-02,a4da9a0e-9ebf-4db1-9412-0f8a45b672e4,comune-di-arbus,Comune di Arbus,3,385.0,385,385,385,Excellent
2026-08-02,26401515-e0df-4f22-bb55-1a8ba45029d8,switch-catalog,Switch Catalog,1,385.0,385,385,385,Excellent
2026-08-02,d55cfad7-9b71-4233-9fe2-13b1a4610998,universita-degli-studi-di-pavia,Universita degli Studi di Pavia,2,385.0,385,385,385,Excellent
2026-08-02,7708bac3-06d7-48e1-98c2-788424425574,comune-di-molinella,Comune di Molinella,3,385.0,385,385,385,Excellent
2026-08-02,2769d5a0-f4ab-4337-b577-a3426d4f0752,brescia-mobilita-spa,Brescia Mobilita Spa,3,385.0,385,385,385,Excellent
2026-08-02,e2aa7491-54b3-44f1-a19e-190ce075479e,comune-di-corciano,Comune di Corciano,6,385.0,385,385,385,Excellent
2026-08-02,7845b4fc-6bf0-4adf-b3d4-0c2b399ffdca,comune-di-casavatore,Comune di Casavatore,1,385.0,385,385,385,Excellent
2026-08-02,6d38bd89-e867-40f2-be5e-4991acf327ca,provincia-di-verona,Provincia di Verona,3,385.0,385,385,385,Excellent
2026-08-02,6e3d98f6-cd37-4413-9085-eb4526542764,provincia-di-isernia,Provincia di Isernia,5,385.0,385,385,385,Excellent
2026-08-02,927b88eb-98e4-4fea-b1d3-a8f7695013c2,comune-di-vico-del-gargano,Comune di Vico del Gargano,3,385.0,385,385,385,Excellent
2026-08-02,29a696fa-00d5-4be1-b3e9-879992b90f8d,unione-pedemontana-parmense,Unione Pedemontana Parmense,3,385.0,385,385,385,Excellent
2026-08-02,459fbd42-c496-4511-bac8-1f06e341d6ef,comune-di-bologna,Comune di Bologna,700,384.99,385,375,385,Excellent
2026-08-02,735660ff-b04c-47e7-9caf-ca70007b059c,comune-di-messina,Comune di Messina,111,384.82,385,365,385,Excellent
2026-08-02,f3449752-6111-485b-95b1-aeaeefcf2db5,comune-di-napoli,Comune di Napoli,36,384.44,385,365,385,Excellent
2026-08-02,1419afad-d904-4313-957b-2c933ed3fd3b,regione-campania,Regione Campania,366,384.34,385,305,385,Excellent
2026-08-02,14f898b0-1004-46af-9a27-e083197006ed,azienda-consorziale-trasporti,Azienda Consorziale Trasporti,4,382.5,385,375,385,Excellent
2026-08-02,fa43b4d9-57a0-4c6a-aa5e-d0dda9a3d7eb,comune-di-mediglia,Comune di Mediglia,3,381.67,385,375,385,Excellent
2026-08-02,8fbd5333-6025-4b03-af96-8ec71ae76acf,comune-di-porto-viro,Comune di Porto Viro,5,381.0,385,365,385,Excellent
2026-08-02,0f70a991-1235-4c64-9079-5430f84d9087,regione-siciliana,Regione Siciliana,192,380.99,385,275,385,Excellent
2026-08-02,730739fd-ae48-45db-8a2a-7002cca9bd2c,agenzia-per-l-italia-digitale,Agenzia per l'Italia Digitale,40,380.25,385,345,385,Excellent
2026-08-02,ddbb8cb6-dcca-492f-b5d0-70706a55c9af,comune-di-cassano-allo-ionio,Comune di Cassano Allo Ionio,9,379.44,385,335,385,Excellent
2026-08-02,6d631e37-cc73-469f-9d51-7f81acba3cb2,agenzia-di-tutela-della-salute-di-pavia,Agenzia di Tutela della Salute di Pavia,13,378.08,385,355,385,Excellent
2026-08-02,13739888-6a55-4d0c-8c07-829568bbe177,comune-di-matera,Comune di Matera,249,376.04,385,305,385,Excellent
2026-08-02,7c195bc7-e5c2-4cea-8703-f5985de14972,asst-fatebenefratelli-sacco,Asst Fatebenefratelli Sacco,3,375.0,375,375,375,Excellent
2026-08-02,9e6524d8-1e13-4a6c-97b4-11260c86ff67,azienda-ospedaliera-di-rilievo-nazionale-antonio-cardarelli,Azienda Ospedaliera di Rilievo Nazionale Antonio Cardarelli,10,375.0,375,375,375,Excellent
2026-08-02,982b093a-0926-4c5c-825a-c4146f301ac0,azienda-sanitaria-regione-molise,Azienda Sanitaria Regione Molise,3,375.0,375,375,375,Excellent
2026-08-02,e238a315-2b93-4e69-b7f3-e550df6b12e1,asst-spedali-civili-di-brescia,Asst Spedali Civili di Brescia,8,375.0,375,375,375,Excellent
2026-08-02,85194b17-e484-4141-9420-17cf8e31ab59,pagopa-s-p-a,Pagopa S P a,12,375.0,375,375,375,Excellent
2026-08-02,cf59d4fe-9521-4f97-b463-c2e8f1d4e647,ministero-del-lavoro,Ministero del Lavoro,83,375.0,375,375,375,Excellent
2026-08-02,cf70b8a1-7e49-4592-9dff-b350535c81ec,unione-di-comuni-terre-di-vini-e-di-tartufi,Unione di Comuni Terre di Vini e di Tartufi,1,375.0,375,375,375,Excellent
2026-08-02,bc5f05ae-4696-4db9-985a-88a78eab0da9,comune-di-beinasco,Comune di Beinasco,3,371.67,355,355,405,Excellent
2026-08-02,58f47ff9-996f-418a-938d-da7ac109079d,agenzia-nazionale-per-la-meteorologia-e-climatologia-italiameteo,Agenzia Nazionale per la Meteorologia e Climatologia Italiameteo,8,370.0,365,365,385,Excellent
2026-08-02,2d9eea42-cb60-48fd-9a8a-36ad3691a0ac,citta-metropolitana-di-catania,Citta Metropolitana di Catania,22,369.55,405,305,405,Excellent
2026-08-02,11f2e211-b3ec-4eb2-a905-920eb858b14c,consorzio-dei-comuni-della-valle-d-aosta-bacino-imbrifero-montano-della-dora-baltea,Consorzio dei Comuni della Valle d'Aosta Bacino Imbrifero Montano della Dora Baltea,5,367.0,355,355,385,Excellent
2026-08-02,d93b6fc2-fd8f-498e-b3ec-bccb6c29ba65,consorzio-per-la-ricerca-sulla-filiera-lattiero-casearia,Consorzio per la Ricerca Sulla Filiera Lattiero Casearia,12,365.0,385,305,385,Excellent
2026-08-02,78467e9f-bb14-444a-87e0-0faa4e4beca0,ivass-istituto-per-la-vigilanza-sulle-assicurazioni,IVASS Istituto per la Vigilanza Sulle Assicurazioni,19,365.0,365,365,365,Excellent
2026-08-02,ab0d75c7-04eb-4b48-b811-d4ca97bf1406,politecnico-di-torino,Politecnico di Torino,12,363.33,355,355,405,Excellent
2026-08-02,8c5d1e2f-95c7-4bc4-aeaf-ec34a5b31313,azienda-socio-sanitaria-territoriale-della-brianza,Azienda Socio Sanitaria Territoriale della Brianza,10,360.0,355,355,405,Excellent
2026-08-02,3ec7e9b4-3062-43b3-a200-104513b81936,pcm-opencoesione,Pcm Opencoesione,561,359.33,355,355,385,Excellent
2026-08-02,e8c2e2f1-1cf7-4e2f-a559-389ecaf779a7,unione-dei-comuni-valdostani-walser,Unione dei Comuni Valdostani Walser,3,358.33,345,345,385,Excellent
2026-08-02,585452e2-12b4-4187-89d6-c33068eff19f,regione-puglia,Regione Puglia,1840,357.79,385,255,405,Excellent
2026-08-02,39782b3d-e1a3-41d7-82da-1261dbd51aca,comune-di-catanzaro,Comune di Catanzaro,5,355.0,355,355,355,Excellent
2026-08-02,fc47d219-e1e1-4df2-8b32-82b9a3642801,agenzia-di-tutela-della-salute-della-brianza,Agenzia di Tutela della Salute della Brianza,10,355.0,355,355,355,Excellent
2026-08-02,d00a1361-e3a8-439d-93cd-59b299441763,comune-di-albino,Comune di Albino,5,355.0,355,355,355,Excellent
2026-08-02,bc2358db-2de4-47e7-97d5-6e838bda23c9,arsac-azienda-regionale-per-lo-sviluppo-dell-agricoltura-calabrese,Arsac Azienda Regionale per lo Sviluppo dell'Agricoltura Calabrese,7,355.0,355,355,355,Excellent
2026-08-02,3c5f03d0-d1a8-43ed-a4ff-fd5904a4f941,comune-di-castelfiorentino,Comune di Castelfiorentino,6,355.0,355,355,355,Excellent
2026-08-02,f70946ef-1071-492e-bb55-c41ef2900372,comune-di-canino,Comune di Canino,1,355.0,355,355,355,Excellent
2026-08-02,7053f468-42ee-4814-8523-2bc19f0f896f,universita-degli-studi-della-campania-l-vanvitelli,Universita degli Studi della Campania l'Vanvitelli,11,355.0,355,355,355,Excellent
2026-08-02,3f34dfc3-ecb9-4495-be5b-5b50b1090f05,universita-degli-studi-di-palermo,Universita degli Studi di Palermo,19,355.0,355,355,355,Excellent
2026-08-02,123b513b-62c4-4496-b5a1-0372ef6311c6,comune-di-policoro,Comune di Policoro,11,355.0,355,355,355,Excellent
2026-08-02,293fb0bd-8583-45df-8b52-d682755d6027,comune-di-barga,Comune di Barga,1,355.0,355,355,355,Excellent
2026-08-02,75656a6e-699f-49e3-ac14-e055835e9638,comune-di-porto-cesareo,Comune di Porto Cesareo,3,355.0,355,355,355,Excellent
2026-08-02,d2009474-b069-4c09-98ab-53a72fe75f46,universita-di-torino,Universita di Torino,14,355.0,355,355,355,Excellent
2026-08-02,98dea997-f6bf-4e57-8111-87b4c50543e9,comune-di-venafro,Comune di Venafro,10,355.0,355,355,355,Excellent
2026-08-02,ec4e87cf-8ff4-47b4-b46c-9c5e393ac286,comune-di-casoli,Comune di Casoli,4,355.0,355,355,355,Excellent
2026-08-02,dbd34fd7-3ed1-4223-bd2e-7c00df665195,comune-di-bitetto,Comune di Bitetto,4,355.0,355,355,355,Excellent
2026-08-02,09b27d0d-cea8-4137-8286-3b0588f6c54b,comune-di-novi-ligure,Comune di Novi Ligure,5,355.0,355,355,355,Excellent
2026-08-02,2faa23b0-90ad-49f2-998e-003f6100e279,universita-di-bari,Universita di Bari,105,355.0,355,355,355,Excellent
2026-08-02,8d8c41d3-a539-4f08-b489-a7fed178846a,comune-di-tortoreto,Comune di Tortoreto,7,355.0,355,355,355,Excellent
2026-08-02,aef1d1e0-3f4b-41cf-bebb-f34390847f42,unione-italiana-delle-camere-di-commercio-industria-artigianato-e-agricoltura,Unione Italiana delle Camere di Commercio Industria Artigianato e Agricoltura,406,355.0,355,355,355,Excellent
2026-08-02,55388ac0-2be8-4f1f-90f7-8a9b212eb593,boxxapps,Boxxapps,719,355.0,355,355,355,Excellent
2026-08-02,9109e13d-e845-43b7-aed3-916043efe653,regione-liguria,Regione Liguria,19,355.0,355,355,355,Excellent
2026-08-02,54503213-4f23-4c39-ba5f-c0b0bb78f900,ministero-del-turismo,Ministero del Turismo,16,355.0,355,355,355,Excellent
2026-08-02,cf2d76c3-7883-4391-8002-dcba5c1dbdb0,comune-di-fonte-nuova,Comune di Fonte Nuova,5,355.0,355,355,355,Excellent
2026-08-02,b5cdcd76-e358-49ed-a833-a44102a7ece0,comune-di-domodossola,Comune di Domodossola,3,355.0,355,355,355,Excellent
2026-08-02,b5ce8c17-eae1-4b21-b9e9-4ca66c9a59c0,istituto-zooprofilattico-sperimentale-dell-umbria-e-delle-marche-togo-rosati,Istituto Zooprofilattico Sperimentale dell'Umbria e delle Marche Togo Rosati,10,355.0,355,355,355,Excellent
2026-08-02,76e91de6-8e18-48c9-b5e4-ed7dbffd6877,comune-di-torre-annunziata,Comune di Torre Annunziata,3,355.0,355,355,355,Excellent
2026-08-02,bab3f5ff-6683-4d89-a008-b63dc0d8a3d9,istituto-universitario-di-studi-superiori-di-pavia,Istituto Universitario di Studi Superiori di Pavia,10,355.0,355,355,355,Excellent
2026-08-02,3fdcdae0-c903-46bf-8555-c254f71cbecc,azienda-socio-sanitaria-territoriale-di-lecco,Azienda Socio Sanitaria Territoriale di Lecco,10,355.0,355,355,355,Excellent
2026-08-02,5276bffc-0ff5-4c75-820d-169c895fd149,istituto-superiore-di-sanita,Istituto Superiore di Sanita,13,355.0,355,355,355,Excellent
2026-08-02,604ab9c6-6297-4d7c-9ec0-1c3f46cabc38,comune-di-taggia,Comune di Taggia,5,355.0,355,355,355,Excellent
2026-08-02,164c30fb-3f80-40f6-b579-6f6ade5cb08e,comune-di-borgo-a-mozzano,Comune di Borgo a Mozzano,2,355.0,355,355,355,Excellent
2026-08-02,ac8db934-572c-4e68-b00c-2fc3d8a29050,ispra,Ispra,10,355.0,355,355,355,Excellent
2026-08-02,d9b9e2b5-b8ab-4ee6-b2a0-7a710762c60a,comune-di-torremaggiore,Comune di Torremaggiore,1,355.0,355,355,355,Excellent
2026-08-02,829778e5-41d8-465f-bf50-06ff8deb0245,comune-di-grassobbio,Comune di Grassobbio,3,355.0,355,355,355,Excellent
2026-08-02,251e1965-dfe8-45f1-a2a7-398863225576,comune-di-sovicille,Comune di Sovicille,1,355.0,355,355,355,Excellent
2026-08-02,cfcc1d68-8701-4093-a65d-e7a89c25e557,comune-di-arquata-scrivia,Comune di Arquata Scrivia,2,355.0,355,355,355,Excellent
2026-08-02,4c08de84-1e01-4297-b548-765b491521fb,comune-di-mede,Comune di Mede,1,355.0,355,355,355,Excellent
2026-08-02,76e0a090-f08c-4ff6-bdd6-bb8c258c5731,comune-di-bitritto,Comune di Bitritto,5,355.0,355,355,355,Excellent
2026-08-02,8e7b5d19-4a39-4d51-96c9-549ee2eda073,provincia-di-parma,Provincia di Parma,5,355.0,355,355,355,Excellent
2026-08-02,4264b4df-ebbf-46bb-b2e8-9a5be149046f,consorzio-universitario-piceno,Consorzio Universitario Piceno,10,355.0,355,355,355,Excellent
2026-08-02,0d16adc8-4a2c-4a5c-b04f-8d544911dce0,comune-di-petilia-policastro,Comune di Petilia Policastro,10,355.0,355,355,355,Excellent
2026-08-02,08fcb3c4-80e9-469e-8dcc-58b81eb5c742,comune-di-san-nicola-la-strada,Comune di San Nicola la Strada,5,355.0,355,355,355,Excellent
2026-08-02,3a6dd9fd-f494-4134-b216-b5471bfebb51,pcm-protezione-civile,Pcm Protezione Civile,5,355.0,355,355,355,Excellent
2026-08-02,3d6faeb4-ce86-4f91-b020-e5df6e9588aa,comune-di-massa,Comune di Massa,4,355.0,355,355,355,Excellent
2026-08-02,8b8cf2d9-cb93-4c83-b7ef-af40d0669369,aspal-agenzia-sarda-per-le-politiche-attive-del-lavoro,Aspal Agenzia Sarda per le Politiche Attive del Lavoro,15,355.0,355,355,355,Excellent
2026-08-02,3954d7c6-fc2b-4dd1-aebf-e336a0e63b64,azienda-socio-sanitaria-territoriale-lariana,Azienda Socio Sanitaria Territoriale Lariana,16,355.0,355,355,355,Excellent
2026-08-02,a1c6b7a1-4093-438f-a94b-e8e55b598cff,universita-degli-studi-di-camerino,Universita degli Studi di Camerino,10,355.0,355,355,355,Excellent
2026-08-02,a9642632-cc67-477f-b66d-437a4fb7e03d,ats-citta-metropolitana-di-milano,ATS Citta Metropolitana di Milano,10,355.0,355,355,355,Excellent
2026-08-02,f0fff560-469a-42b7-b17d-21853d107bce,cnit-consorzio-nazionale-interuniversitario-per-le-telecomunicazioni,Cnit Consorzio Nazionale Interuniversitario per le Telecomunicazioni,10,355.0,355,355,355,Excellent
2026-08-02,d62208e2-c944-4578-a792-7cec058137c0,provincia-di-avellino,Provincia di Avellino,10,355.0,355,355,355,Excellent
2026-08-02,ec0c9c44-fe90-47b1-bd88-2b9dc57bd25e,comune-di-albisola-superiore,Comune di Albisola Superiore,2,355.0,355,355,355,Excellent
2026-08-02,1f8c46e7-4335-40ae-b09e-95ee3003d42f,consorzio-intercomunale-servizi-socio-assistenziali-di-pianezza,Consorzio Intercomunale Servizi Socio Assistenziali di Pianezza,3,355.0,355,355,355,Excellent
2026-08-02,3a697a3b-53cc-450d-8055-edb0fd902020,azienda-ospedaliero-universitaria-pisana,Azienda Ospedaliero Universitaria Pisana,3,355.0,355,355,355,Excellent
2026-08-02,f54588ab-46a1-4c1b-8fcc-f4c5fbc830d2,fondazione-restart,Fondazione Restart,10,355.0,355,355,355,Excellent
2026-08-02,e3afd770-f17c-452a-b494-35c67aac9067,azienda-socio-sanitaria-territoriale-della-valle-olona,Azienda Socio Sanitaria Territoriale della Valle Olona,17,355.0,355,355,355,Excellent
2026-08-02,3acc744c-1499-4f62-bcee-0a7fb623ba8c,comune-di-coriano,Comune di Coriano,8,355.0,355,355,355,Excellent
2026-08-02,6ea4dd4a-6874-435a-a545-7b60761f9e5f,agenzia-regionale-per-la-protezione-dell-ambiente-della-sardegna,Agenzia Regionale per la Protezione dell'Ambiente della Sardegna,12,355.0,355,355,355,Excellent
2026-08-02,e5916554-888e-48fa-8086-c3a5c720639f,comune-di-forte-dei-marmi,Comune di Forte dei Marmi,1,355.0,355,355,355,Excellent
2026-08-02,8daf7621-05b2-4f9e-8c12-f485eb388d61,ats-della-montagna,ATS della Montagna,10,355.0,355,355,355,Excellent
2026-08-02,53290502-f70e-43fc-9378-bab36bb0f55c,provincia-di-padova,Provincia di Padova,10,355.0,355,355,355,Excellent
2026-08-02,4f460e94-efa3-4855-9fbe-7f289fba8f90,comune-di-vittoria,Comune di Vittoria,5,355.0,355,355,355,Excellent
2026-08-02,3daa7d70-c6f4-405e-8237-8ed37535ae08,comune-di-olgiate-olona,Comune di Olgiate Olona,5,355.0,355,355,355,Excellent
2026-08-02,7c47be6b-7409-45b5-bf9b-20e1e55be759,comune-di-deliceto,Comune di Deliceto,3,355.0,355,355,355,Excellent
2026-08-02,9c4fb242-0259-451d-baf2-54a51e5fd32c,universita-degli-studi-di-napoli-parthenope,Universita degli Studi di Napoli Parthenope,15,355.0,355,355,355,Excellent
2026-08-02,5eb90046-a8eb-411a-bd00-33071cbaeded,comune-di-serravalle-scrivia,Comune di Serravalle Scrivia,2,355.0,355,355,355,Excellent
2026-08-02,ccbf9a69-462f-4d0d-9862-2158f7ff3f03,comune-di-salle,Comune di Salle,1,355.0,355,355,355,Excellent
2026-08-02,24f39537-efc7-4c06-bb10-efd2d2f27ac3,camera-di-commercio-delle-marche,Camera di Commercio delle Marche,65,355.0,355,355,355,Excellent
2026-08-02,149533ec-da7e-4667-a756-064b0a2aa6a4,comune-di-borgo-san-dalmazzo,Comune di Borgo San Dalmazzo,3,355.0,355,355,355,Excellent
2026-08-02,6e9c7c6d-c77f-47e8-b93a-d31afd4e92db,consip,Consip,16,355.0,355,355,355,Excellent
2026-08-02,86d5653a-9fe3-4471-a15f-c0628134d835,comune-di-vedano-olona,Comune di Vedano Olona,1,355.0,355,355,355,Excellent
2026-08-02,5597fffe-b810-404e-94a3-498f3d9d9092,sebastien-catalog,Sebastien Catalog,1,355.0,355,355,355,Excellent
2026-08-02,160858a8-41d6-4c3b-b30f-98e785aa3dc4,comune-di-campomarino,Comune di Campomarino,1,355.0,355,355,355,Excellent
2026-08-02,389cafd9-534e-4e67-b4b0-71ecdd5bd990,comune-di-soresina,Comune di Soresina,1,355.0,355,355,355,Excellent
2026-08-02,0fbdec27-b8fc-4696-8ec9-53a24adfb36e,asbr-azienda-speciale-servizi-bassa-reggiana,Asbr Azienda Speciale Servizi Bassa Reggiana,3,355.0,355,355,355,Excellent
2026-08-02,811617ad-e7ff-465e-88db-fd5bb52d8e28,comune-di-settimo-san-pietro,Comune di Settimo San Pietro,1,355.0,355,355,355,Excellent
2026-08-02,c59b580b-8e17-459f-b532-db891593d4e6,comune-di-grottammare,Comune di Grottammare,5,355.0,355,355,355,Excellent
2026-08-02,49a01f53-cd1b-4629-9e2e-64f61a788e41,ministero-delle-imprese-e-del-made-in-italy,Ministero delle Imprese e del Made in Italy,370,354.92,385,305,385,Excellent
2026-08-02,f9546d88-5c6e-41d1-97b2-ebd9d0a77d21,comune-di-rimini,Comune di Rimini,72,354.72,355,335,355,Excellent
2026-08-02,8c4b1fbd-cff7-4ec1-a4a0-8bfe778e1f89,regione-calabria,Regione Calabria,324,354.63,355,335,355,Excellent
2026-08-02,fdd54380-d946-4fe5-b511-de523e698fdb,comune-di-milazzo,Comune di Milazzo,42,354.29,355,325,355,Excellent
2026-08-02,53041470-c18c-4fd9-8356-f4eddf598ee5,unione-municipia,Unione Municipia,8,353.75,355,345,355,Excellent
2026-08-02,656fad7d-c016-477c-a24e-d441a71f1437,ministero-dell-economia-e-delle-finanze,Ministero dell'Economia e delle Finanze,3706,353.72,355,325,405,Excellent
2026-08-02,a28cb2eb-0bcc-4cb9-9d3e-6cebe2b4511c,comune-di-palermo,Comune di Palermo,1679,352.59,355,255,405,Excellent
2026-08-02,df53accc-dc73-4f98-bd0e-66c32524eb6f,comune-di-bari,Comune di Bari,167,352.13,355,335,355,Excellent
2026-08-02,9bcd4050-eecd-400b-8196-cd4db7b38c58,regione-toscana,Regione Toscana,12773,352.06,365,185,405,Excellent
2026-08-02,28bccb62-da5a-4610-96f8-eb274abe4245,aci,ACI,39,351.41,355,335,355,Excellent
2026-08-02,7614d84d-2aba-46eb-a197-754cae31dd7c,istituto-italiano-per-la-storia-antica,Istituto Italiano per la Storia Antica,10,351.0,355,315,355,Excellent
2026-08-02,84f13bc0-e106-476f-8f32-19e5c15e8499,regione-umbria,Regione Umbria,450,351.0,355,225,405,Excellent
2026-08-02,966c8ab2-9bb8-4e5b-9165-9d37a1af7333,ministero-infrastrutture-e-trasporti,Ministero Infrastrutture e Trasporti,70,350.43,355,335,355,Good
2026-08-02,25c2df1c-b01e-4026-b732-7cf6d767ab57,regione-friuli-venezia-giulia,Regione Friuli Venezia Giulia,813,349.88,355,275,355,Good
2026-08-02,32ae1ccf-3198-4006-a00d-31e8693eb449,universita-ca-foscari-di-venezia,Universita Ca Foscari di Venezia,15,349.67,355,275,355,Good
2026-08-02,90386224-173b-4a9a-b236-78faabe88307,provincia-autonoma-di-trento,Provincia Autonoma di Trento,1380,348.0,355,245,355,Good
2026-08-02,f804b34c-a5f7-42ca-bde2-82a0bcadd55e,comune-di-torino,Comune di Torino,2090,347.47,355,155,405,Good
2026-08-02,5c562a2c-ee7a-4a78-8f3d-73642b166e5c,inail,INAIL,102,346.37,355,275,355,Good
2026-08-02,68ceb51d-00d3-45e8-9420-692827d82a38,comune-di-corigliano-rossano,Comune di Corigliano Rossano,12,345.83,345,345,355,Good
2026-08-02,b85fe2f8-59bf-40b9-af1c-9ee1801d8449,ministero-dell-interno,Ministero dell'Interno,38,345.53,345,335,355,Good
2026-08-02,a3ad6393-ac3b-4080-acac-cb4da6ad4080,comune-di-rende,Comune di Rende,9,345.0,345,345,345,Good
2026-08-02,728accb6-79a7-427c-aef8-ba404c8b606a,comune-di-guidonia-montecelio,Comune di Guidonia Montecelio,5,345.0,345,345,345,Good
2026-08-02,2c8e04d7-6b17-4834-95d8-0fc250174280,comune-di-merate,Comune di Merate,5,345.0,345,345,345,Good
2026-08-02,ffb309bb-fdd7-4a73-95db-ccb2ca258bde,comune-di-santhia,Comune di Santhia,3,345.0,345,345,345,Good
2026-08-02,4dc0cdde-3150-48ae-bacd-8552da668a74,ente-autonomo-volturno-srl,Ente Autonomo Volturno Srl,5,345.0,345,345,345,Good
2026-08-02,b59c46a8-b048-448a-ac68-4b158ad0aaac,pcm-dipartimento-trasformazione-digitale,Pcm Dipartimento Trasformazione Digitale,35,345.0,345,265,355,Good
2026-08-02,f5b11c42-03fe-44c0-8a8d-cd3451b77f75,comune-di-nerviano,Comune di Nerviano,10,345.0,345,345,345,Good
2026-08-02,f5799c0d-0f96-42ae-886b-4fe5117d238e,unione-dei-comuni-del-coros,Unione dei Comuni del Coros,6,345.0,345,345,345,Good
2026-08-02,c3777ff3-b760-43ec-86df-929722e6a9ad,comune-di-borghetto-santo-spirito,Comune di Borghetto Santo Spirito,3,345.0,345,345,345,Good
2026-08-02,d39bb41e-5dc3-46e2-b9be-ba2ac2a1b72c,comune-di-carugate,Comune di Carugate,3,345.0,345,345,345,Good
2026-08-02,ffaea769-155e-492e-88fa-556b8732aed5,comune-di-resana,Comune di Resana,3,345.0,345,345,345,Good
2026-08-02,4b14c525-6bc0-4c2f-928f-cd233f2be88d,comune-di-pula,Comune di Pula,2,345.0,345,345,345,Good
2026-08-02,fc5aa328-c830-4dbe-a1c3-b27c59a7faae,comune-di-san-cesareo,Comune di San Cesareo,1,345.0,345,345,345,Good
2026-08-02,fdd90e4e-1f3d-4bd1-acba-cbef7c9c0271,universita-della-basilicata,Universita della Basilicata,29,343.97,355,275,355,Good
2026-08-02,faab567c-7036-4090-87d2-bf7c558b43b9,camera-di-commercio-industria-artigianato-e-agricoltura-di-roma,Camera di Commercio Industria Artigianato e Agricoltura di Roma,20,343.0,345,305,345,Good
2026-08-02,d605ab5c-50bd-4895-bace-4ac93714032c,regione-basilicata,Regione Basilicata,224,342.9,325,245,405,Good
2026-08-02,1266399c-6435-408b-b63a-c0ed9f226bad,comune-di-longare,Comune di Longare,15,342.33,305,305,385,Good
2026-08-02,593c0fab-b437-4181-b277-cbf5bc21d81c,ministero-della-salute,Ministero della Salute,51,340.1,335,285,385,Good
2026-08-02,cb76727a-8ac6-408d-80d8-8f4f1bb718d0,comune-di-sant-antimo,Comune di Sant Antimo,10,337.0,345,305,345,Good
2026-08-02,c7b4166e-36ae-4abb-9827-a9f580a02a2b,comune-di-assisi,Comune di Assisi,6,336.67,345,295,345,Good
2026-08-02,26fe8259-60a0-4cba-a54f-e91bef27af41,istituto-nazionale-di-statistica-istat,Istituto Nazionale di Statistica ISTAT,13,335.0,335,335,335,Good
2026-08-02,70b5f10c-0798-4da6-a59f-f0b8bdd5e65e,comune-di-scorze,Comune di Scorze,6,335.0,375,295,375,Good
2026-08-02,3a4c456b-57f4-4e78-9207-c3e7380da782,banca-d-italia,Banca d'Italia,80,334.38,335,285,335,Good
2026-08-02,4188f7ff-0b05-4dbf-982e-9a6d99da7bc6,provincia-autonoma-di-bolzano,Provincia Autonoma di Bolzano,1447,332.93,325,245,365,Good
2026-08-02,954a56b3-6ace-4e65-947b-e737b8824d9e,comune-di-san-marco-in-lamis,Comune di San Marco in Lamis,3,331.67,305,305,385,Good
2026-08-02,3370876b-1060-4337-a2de-9460d5ba3fb0,consiglio-per-la-ricerca-in-agricoltura-e-l-analisi-dell-economia-agraria,Consiglio per la Ricerca in Agricoltura e l'Analisi dell'Economia Agraria,8,331.25,335,305,355,Good
2026-08-02,226f7e4e-979f-4e43-bcdc-7396b79248ec,comune-di-genova,Comune di Genova,158,330.38,335,275,385,Good
2026-08-02,f3baf2b6-0106-4912-8ded-df2da4a10744,anac,ANAC,70,329.0,305,305,385,Good
2026-08-02,fd1d1914-d4d4-4705-8479-08d959b02005,agenzia-laore-sardegna,Agenzia Laore Sardegna,12,326.67,325,275,355,Good
2026-08-02,f9cc510c-3548-4f1f-8b24-d0182de48f33,universita-di-bologna,Universita di Bologna,34,325.59,275,255,405,Good
2026-08-02,11abb820-f6d1-4339-a9df-d4771093a720,comune-di-piombino-dese,Comune di Piombino Dese,3,325.0,325,325,325,Good
2026-08-02,5ec925ed-506c-460f-aa93-b26bacb183c5,comune-di-breganze,Comune di Breganze,3,325.0,325,325,325,Good
2026-08-02,39056311-4ed4-44c4-ba81-13cbdd5ccdf3,comune-di-santa-giustina-in-colle,Comune di Santa Giustina in Colle,3,325.0,325,325,325,Good
2026-08-02,63fed95d-c174-4402-8fdf-6546a6fae2b3,comune-di-fontanelle,Comune di Fontanelle,3,325.0,325,325,325,Good
2026-08-02,2aa5fa7b-10fe-4561-ac30-cbeb310a9c7c,comune-di-barbarano-mossano,Comune di Barbarano Mossano,3,325.0,325,325,325,Good
2026-08-02,be8bfab3-995a-404f-8a9f-e41313156ea9,comune-di-chianciano-terme,Comune di Chianciano Terme,1,325.0,325,325,325,Good
2026-08-02,1381d40a-605b-4145-95a7-e178e4e8f8a9,comune-di-nuoro,Comune di Nuoro,5,323.0,305,305,355,Good
2026-08-02,c87c64da-568e-42fa-870f-7fae083db0a5,comune-di-carovigno,Comune di Carovigno,58,321.55,305,305,385,Good
2026-08-02,81e7ba14-4b56-4b50-a681-8ba6f1e48b7e,comune-di-civitavecchia,Comune di Civitavecchia,10,321.0,345,265,345,Good
2026-08-02,1d8cff3f-b4de-418d-892b-bc5cecc79de7,comune-di-chiavari,Comune di Chiavari,53,318.02,305,305,385,Good
2026-08-02,04294742-0d45-4507-b740-a70f75ccd6be,comune-di-mentana,Comune di Mentana,45,317.44,305,305,385,Good
2026-08-02,92f7108f-865e-4967-950d-68fee165c412,consiglio-regionale-della-campania,Consiglio Regionale della Campania,25,317.0,305,305,335,Good
2026-08-02,2bbf9fca-aef9-4264-b4ef-31848f2cf206,regione-marche,Regione Marche,5463,315.43,335,245,385,Good
2026-08-02,d24601dc-4327-45e5-a2a1-28e91d50213a,consorzio-intercomunale-servizi-sociali-di-chivasso,Consorzio Intercomunale Servizi Sociali di Chivasso,17,314.41,305,305,385,Good
2026-08-02,79884d6c-55d0-4987-9391-9aec2d3b7193,comune-di-arese,Comune di Arese,44,314.09,305,305,385,Good
2026-08-02,8259142c-4490-49d3-8cee-6e039f74a7b0,comune-di-baronissi,Comune di Baronissi,27,313.89,305,305,385,Good
2026-08-02,fd8ad81b-a555-4d73-be28-90c3d23e7cb1,comune-di-lonate-pozzolo,Comune di Lonate Pozzolo,5,313.0,345,265,345,Good
2026-08-02,cec23fa1-4efd-46d0-8948-b6cf4b83b5ef,comune-di-magenta,Comune di Magenta,40,313.0,305,305,385,Good
2026-08-02,9a8e1504-1866-47db-8588-d6068902f965,comune-di-flero,Comune di Flero,53,312.55,305,305,385,Good
2026-08-02,90e119c6-3b34-484d-a8c8-8dc1a602842e,comune-di-arcene,Comune di Arcene,41,310.85,305,305,385,Good
2026-08-02,719d1cb4-a300-4451-ad5e-b99819c04c10,comune-di-prignano-sulla-secchia,Comune di Prignano Sulla Secchia,48,308.96,305,305,385,Good
2026-08-02,bd167c31-204e-430f-9337-98bff34cc2af,provincia-di-pescara,Provincia di Pescara,21,308.81,305,305,385,Good
2026-08-02,1ff02784-3bcc-4991-a5b8-5befee9c0346,citta-metropolitana-di-genova,Citta Metropolitana di Genova,6,308.33,345,265,355,Good
2026-08-02,9eb026f3-5803-44ca-b9fa-5aa17af242dc,comune-di-treviolo,Comune di Treviolo,39,307.82,305,305,385,Good
2026-08-02,8f1999e8-8405-443f-a216-574808712990,comune-di-piacenza,Comune di Piacenza,72,306.81,305,305,385,Good
2026-08-02,0c8ebe34-c765-43c0-8deb-67940890204a,ministero-dei-beni-culturali,Ministero dei Beni Culturali,213,305.28,305,295,355,Good
2026-08-02,85ca1003-2147-4543-90c4-444cfe977b55,comune-di-casamassima,Comune di Casamassima,38,305.0,305,305,305,Good
2026-08-02,451287af-4856-48d9-af89-e389e67cc042,comune-di-bisignano,Comune di Bisignano,5,305.0,305,305,305,Good
2026-08-02,a1033ff4-b70e-4d7e-aa1e-5926c222801a,comune-di-pagani,Comune di Pagani,24,305.0,305,305,305,Good
2026-08-02,f61bbd01-416b-4ce0-a6e1-4f4c3f76bdfe,comune-di-comacchio,Comune di Comacchio,50,305.0,305,305,305,Good
2026-08-02,947662c1-5497-4c8e-a63a-f6330c842016,comune-di-vigonza,Comune di Vigonza,26,305.0,305,305,305,Good
2026-08-02,17f43b8a-cc01-49a4-aea1-ddb5a7797f7b,comune-di-fiorano-modenese,Comune di Fiorano Modenese,86,305.0,305,305,305,Good
2026-08-02,8c45992c-9b8b-4be0-96ae-4643bdd88861,comune-di-formigine,Comune di Formigine,86,305.0,305,305,305,Good
2026-08-02,93f00902-8b42-4d0d-8a1e-5dd42f4b00f9,comune-di-bussolengo,Comune di Bussolengo,50,305.0,305,305,305,Good
2026-08-02,f33d4b00-a1ab-4149-93a8-bbee9760f06d,comune-di-sarezzo,Comune di Sarezzo,42,305.0,305,305,305,Good
2026-08-02,ec1c625f-0574-4455-a023-164014e53a19,comune-di-sesto-fiorentino,Comune di Sesto Fiorentino,53,305.0,305,305,305,Good
2026-08-02,e386e812-c147-4f3c-a549-d92b24daaa32,consorzio-di-gestione-area-marina-protetta-torre-del-cerrano,Consorzio di Gestione Area Marina Protetta Torre del Cerrano,3,305.0,305,305,305,Good
2026-08-02,b8c2ccf3-9de0-4995-8520-cbdb4534bc61,comune-di-santeramo-in-colle,Comune di Santeramo in Colle,16,305.0,305,305,305,Good
2026-08-02,431d91aa-6e51-46ff-8481-de9649039d89,provincia-di-forli-cesena,Provincia di Forli Cesena,22,305.0,305,305,305,Good
2026-08-02,5123938d-993a-485a-b631-d72d05390429,provincia-di-foggia,Provincia di Foggia,13,305.0,305,305,305,Good
2026-08-02,d042b660-0e38-4b3f-9463-1a23cf99d4d2,comune-di-nembro,Comune di Nembro,23,305.0,305,305,305,Good
2026-08-02,7c469a7d-a1b9-4b7e-bdf9-85e21a4f7773,comune-di-seriate,Comune di Seriate,25,305.0,305,305,305,Good
2026-08-02,c3234889-f512-4ab2-9ee8-0d7ec8a7cb6c,provincia-di-novara,Provincia di Novara,48,305.0,305,305,305,Good
2026-08-02,e6b7829d-2b34-4568-90fc-64d179a9edfa,comune-di-lonato-del-garda,Comune di Lonato del Garda,6,305.0,305,305,305,Good
2026-08-02,e879fab1-9906-456a-995c-df320ac6ea54,comune-di-rocca-di-papa,Comune di Rocca di Papa,10,305.0,305,305,305,Good
2026-08-02,6a63756b-72f3-4dac-b94b-c109b8deb3e1,unione-dei-comuni-valdostani-mont-emilius,Unione dei Comuni Valdostani Mont Emilius,5,305.0,305,305,305,Good
2026-08-02,dfac1171-0922-4c4a-9a8f-a852860708d3,comune-di-pescara,Comune di Pescara,55,305.0,305,305,305,Good
2026-08-02,30ba8004-fbdd-416c-a1a8-523207ff026b,comune-di-besana-in-brianza,Comune di Besana in Brianza,40,305.0,305,305,305,Good
2026-08-02,8d28e8ca-f11b-4e47-a2c9-c6b226d92019,comune-di-nave,Comune di Nave,42,305.0,305,305,305,Good
2026-08-02,41b72f7a-0ac8-47d9-affe-d0da7a68c572,comune-di-cassina-de-pecchi,Comune di Cassina De Pecchi,49,305.0,305,305,305,Good
2026-08-02,ac5748dd-3437-4209-b5c5-5db76d03076a,comune-di-caselle-torinese,Comune di Caselle Torinese,31,305.0,305,305,305,Good
2026-08-02,f0cb4dd8-ff0b-43cb-a7bf-3f9578be6fb5,comune-di-orbassano,Comune di Orbassano,47,305.0,305,305,305,Good
2026-08-02,1d853219-813f-469f-9382-1582ff3e5203,comune-di-desenzano-del-garda,Comune di Desenzano del Garda,43,305.0,305,305,305,Good
2026-08-02,e666e985-65b8-4d8b-8760-fe32034610a8,comune-di-castiglione-delle-stiviere,Comune di Castiglione delle Stiviere,36,305.0,305,305,305,Good
2026-08-02,4ab04975-f03e-4402-951a-b5eab5c59747,comune-di-pieve-emanuele,Comune di Pieve Emanuele,29,305.0,305,305,305,Good
2026-08-02,92b0fbf4-d3f5-411e-afd5-e0b9bcadd3e8,comune-di-cologno-monzese,Comune di Cologno Monzese,56,305.0,305,305,305,Good
2026-08-02,d788d1b5-89b5-4280-af15-5d12eda0cdeb,comune-di-garbagnate-milanese,Comune di Garbagnate Milanese,36,305.0,305,305,305,Good
2026-08-02,33679cb9-991c-489d-aab4-04ae74a2ce00,comune-di-gaggiano,Comune di Gaggiano,52,305.0,305,305,305,Good
2026-08-02,3657a375-aae2-49d4-a97f-80c0d7031438,comune-di-mariano-comense,Comune di Mariano Comense,42,305.0,305,305,305,Good
2026-08-02,c5ea01c8-cbef-41e4-9979-960f011bd72b,comune-di-mogliano-veneto,Comune di Mogliano Veneto,42,305.0,305,305,305,Good
2026-08-02,0d12d4c1-640c-4d0f-b0b5-ade2aa7887d9,comune-di-valmadrera,Comune di Valmadrera,46,305.0,305,305,305,Good
2026-08-02,96b3bbb3-e7c9-46a1-b980-a16ef8591e07,comune-di-palagano,Comune di Palagano,48,305.0,305,305,305,Good
2026-08-02,d84434ba-d5f3-438c-9e1c-a110230e018e,comune-di-castel-mella,Comune di Castel Mella,27,305.0,305,305,305,Good
2026-08-02,3f45638a-7bce-4437-a8bd-5274c3cd9047,comune-di-grezzana,Comune di Grezzana,14,305.0,305,305,305,Good
2026-08-02,92117c30-1626-4ee3-bb96-61460cc5b9b5,commissione-di-vigilanza-sui-fondi-pensione,Commissione di Vigilanza Sui Fondi Pensione,18,305.0,305,305,305,Good
2026-08-02,a94de7dd-d093-48c9-8f79-ea847690e3fe,comune-di-altamura,Comune di Altamura,32,305.0,305,305,305,Good
2026-08-02,d0749447-a25e-44ee-8fc0-05e19be3ea4f,comune-di-biassono,Comune di Biassono,10,305.0,305,305,305,Good
2026-08-02,1cc4e791-0710-43ca-b3ee-c6a825b5447d,comune-di-luino,Comune di Luino,12,305.0,305,305,305,Good
2026-08-02,88563d4b-1955-4469-a796-e2030a63b13d,comune-di-morbegno,Comune di Morbegno,12,305.0,305,305,305,Good
2026-08-02,8c2e5c39-75ef-4c2e-8543-3a51137d8dd5,comune-di-peschiera-borromeo,Comune di Peschiera Borromeo,13,305.0,305,305,305,Good
2026-08-02,38f13216-5f9e-4a57-bb7e-47b90a7c5e06,comune-di-maranello,Comune di Maranello,86,305.0,305,305,305,Good
2026-08-02,6ce38fa7-c69b-4416-8165-f5477ffec67a,comune-di-frassinoro,Comune di Frassinoro,48,305.0,305,305,305,Good
2026-08-02,1de0abeb-bd36-419b-9946-9d4582857357,comune-di-montefiorino,Comune di Montefiorino,48,305.0,305,305,305,Good
2026-08-02,ddc73d4e-2069-4ac9-b79b-26e73b70b4b7,comune-di-sassuolo,Comune di Sassuolo,85,305.0,305,305,305,Good
2026-08-02,c1a6870b-08d7-422e-af9a-5d2b5c0c9db1,comune-di-casalgrande,Comune di Casalgrande,28,305.0,305,305,305,Good
2026-08-02,d6c9e819-ced7-4ac9-9a4a-eb412aaf440a,comune-di-diano-marina,Comune di Diano Marina,6,305.0,305,305,305,Good
2026-08-02,f168d8ec-f6c5-4b44-8d90-fb343ccb0806,comune-di-baiso,Comune di Baiso,35,305.0,305,305,305,Good
2026-08-02,d0c5a020-0e02-47c2-8efd-31e82df5a3b5,comune-di-castellarano,Comune di Castellarano,38,305.0,305,305,305,Good
2026-08-02,04d02a1a-8714-4936-ac71-9f0726093934,comune-di-scandiano,Comune di Scandiano,35,305.0,305,305,305,Good
2026-08-02,d5d94045-ed9b-4e90-a1cb-cee5af4049c7,comune-di-rubiera,Comune di Rubiera,24,305.0,305,305,305,Good
2026-08-02,e28a62a9-2db1-462b-830a-860b767349d0,comune-di-viano,Comune di Viano,35,305.0,305,305,305,Good
2026-08-02,cd92d0da-a26b-42ce-ad92-ecb4e1737eb9,comune-di-melzo,Comune di Melzo,13,305.0,305,305,305,Good
2026-08-02,3015de2f-2fcf-4b10-8167-6d3b2e25885b,comune-di-marigliano,Comune di Marigliano,9,305.0,305,305,305,Good
2026-08-02,621fbe81-488b-4f65-8db4-3bc6df177170,comune-di-ivrea,Comune di Ivrea,11,305.0,305,305,305,Good
2026-08-02,ba554d18-9d9f-4365-a9e7-13b5cddf13cd,comune-di-santa-maria-di-licodia,Comune di Santa Maria di Licodia,43,305.0,305,305,305,Good
2026-08-02,7ac0a1be-52b2-42ed-8192-c50a4ed59115,comune-di-bussero,Comune di Bussero,14,305.0,305,305,305,Good
2026-08-02,ff5e368a-250c-4a2f-9aa5-dbbc4dd537a3,comune-di-frattamaggiore,Comune di Frattamaggiore,9,305.0,305,305,305,Good
2026-08-02,8f6bbec3-a31c-4460-8f2f-e16394c3f6b7,comune-di-triuggio,Comune di Triuggio,17,305.0,305,305,305,Good
2026-08-02,1a88eae0-074a-49b8-af93-7f978d5ed886,comunita-montana-alburni,Comunita Montana Alburni,7,305.0,305,305,305,Good
2026-08-02,307cf038-81ae-4bc0-b0d9-f9df3d42043a,comune-di-olbia,Comune di Olbia,40,305.0,305,305,305,Good
2026-08-02,bde5100c-4c60-4f10-ad56-ab6e6d726be5,comune-di-galbiate,Comune di Galbiate,17,305.0,305,305,305,Good
2026-08-02,3711f6d7-eacf-4c08-a3b7-8f67981fc8b3,comune-di-giffoni-valle-piana,Comune di Giffoni Valle Piana,12,305.0,305,305,305,Good
2026-08-02,305277c9-0b08-44a0-8ad7-abe8a8b80a07,comune-di-borgo-san-lorenzo,Comune di Borgo San Lorenzo,37,305.0,305,305,305,Good
2026-08-02,b371a946-8d89-4548-b595-f40da8dbcec4,unione-dei-comuni-del-distretto-ceramico,Unione dei Comuni del Distretto Ceramico,8,305.0,305,305,305,Good
2026-08-02,0e25dc4b-2eba-42ff-97a9-9929e4846223,comune-di-santa-margherita-ligure,Comune di Santa Margherita Ligure,56,305.0,305,305,305,Good
2026-08-02,e9805ed5-d9d2-4b15-9ef2-67fa5314f10b,comune-di-signa,Comune di Signa,20,305.0,305,305,305,Good
2026-08-02,2388e0ca-7522-4b20-9d40-050c578b0ce2,comune-di-castelfranco-pian-di-sco,Comune di Castelfranco Pian di Sco,61,305.0,305,305,305,Good
2026-08-02,582b250b-7d72-4ca4-bb22-191289cb1e3e,comune-di-livigno,Comune di Livigno,44,305.0,305,305,305,Good
2026-08-02,9dde546d-318f-47a0-9a45-b6feafff1004,comune-di-lavagna,Comune di Lavagna,36,305.0,305,305,305,Good
2026-08-02,2c930491-a1fc-4ec9-aa89-4175339bbf42,comune-di-rubano,Comune di Rubano,22,305.0,305,305,305,Good
2026-08-02,f3458141-a39c-49af-9397-aa765863aaec,comune-di-bussoleno,Comune di Bussoleno,14,305.0,305,305,305,Good
2026-08-02,b514a4c1-7cee-480f-85aa-f280e8e4a5e3,comune-di-brusciano,Comune di Brusciano,10,305.0,305,305,305,Good
2026-08-02,28359e4a-b6c1-418d-a35a-0680b40b8be2,comune-di-laveno-mombello,Comune di Laveno Mombello,31,305.0,305,305,305,Good
2026-08-02,be821cea-a9a1-4331-822d-350c68837a4e,comune-di-taranto,Comune di Taranto,58,305.0,305,305,305,Good
2026-08-02,a8c2a6ea-c661-4ff2-b8f6-06ef96ae89aa,comune-di-bernareggio,Comune di Bernareggio,49,305.0,305,305,305,Good
2026-08-02,eaa9c623-c766-4ee2-9ce0-63823810f8ee,consorzio-dei-comuni-del-cassinate-per-la-programmazione-e-gestione-dei-servizi-sociali,Consorzio dei Comuni del Cassinate per la Programmazione e Gestione dei Servizi Sociali,6,305.0,305,305,305,Good
2026-08-02,5d75eca0-e879-4dcb-a812-ff2886969289,comune-di-albiate,Comune di Albiate,54,305.0,305,305,305,Good
2026-08-02,bccd988e-5869-48a1-809c-9c0221a3c3e3,comune-di-cormano,Comune di Cormano,33,305.0,305,305,305,Good
2026-08-02,76897337-1eac-4a68-80cd-18a0dd081ef9,comune-di-nova-milanese,Comune di Nova Milanese,43,305.0,305,305,305,Good
2026-08-02,ae829261-e7c6-4192-a437-90742cbaf1bb,comune-di-albenga,Comune di Albenga,33,305.0,305,305,305,Good
2026-08-02,676f6ea8-fa44-40ae-a00e-a9d39e8fc536,comune-di-osio-sotto,Comune di Osio Sotto,38,305.0,305,305,305,Good
2026-08-02,49177a0f-cfbc-44b4-8e0a-2d66b96c9ea9,unione-tresinaro-secchia,Unione Tresinaro Secchia,9,305.0,305,305,305,Good
2026-08-02,661e3ed0-0c36-43de-a4b8-f8eb1e84bcb4,comune-di-budoni,Comune di Budoni,29,305.0,305,305,305,Good
2026-08-02,7d75d1bf-18c1-4f06-975d-8e0ec62ca8c4,comune-di-bagno-a-ripoli,Comune di Bagno a Ripoli,30,305.0,305,305,305,Good
2026-08-02,9827373b-24ef-4062-95b9-366684dc0cef,comune-di-lamezia-terme,Comune di Lamezia Terme,36,305.0,305,305,305,Good
2026-08-02,b64dd82a-79fa-4527-a6c1-4ece2e547f79,comune-di-corbetta,Comune di Corbetta,23,305.0,305,305,305,Good
2026-08-02,726bc211-4b26-469b-ba19-0ac8d5ea57e4,comune-di-roggiano-gravina,Comune di Roggiano Gravina,27,305.0,305,305,305,Good
2026-08-02,f8e04f83-c918-478c-a8a4-024e23276d6f,comune-di-cisternino,Comune di Cisternino,10,305.0,305,305,305,Good
2026-08-02,894d3c6a-074f-4fc7-b69e-5095f9c15ec0,comune-di-arzignano,Comune di Arzignano,27,305.0,305,305,305,Good
2026-08-02,fc7a8e44-6034-4f66-bbef-0f8ecef48045,comune-di-teggiano,Comune di Teggiano,37,305.0,305,305,305,Good
2026-08-02,b2b853f1-474c-4007-a721-1277ef07ecc2,comune-di-besnate,Comune di Besnate,15,305.0,305,305,305,Good
2026-08-02,13ebed9e-b041-46eb-8b1a-42e103ef4f66,azienda-sanitaria-locale-vco,Azienda Sanitaria Locale Vco,10,305.0,305,305,305,Good
2026-08-02,d56cf387-2ee3-4b03-a193-291be330486f,comune-di-tarquinia,Comune di Tarquinia,6,305.0,305,305,305,Good
2026-08-02,e4946893-e692-4a22-a460-039f524c0f6e,comune-di-chivasso,Comune di Chivasso,33,301.36,305,185,305,Good
2026-08-02,c25963f5-2065-4819-9072-35a021ed3d11,regione-emilia-romagna,Regione Emilia Romagna,2124,301.13,275,215,405,Good
2026-08-02,e29d26ff-c0a3-4035-8566-63f1a6962b41,regione-veneto,Regione Veneto,6606,299.85,275,255,355,Good
2026-08-02,e4d3417e-3254-400a-9d80-6b4c890e1615,ministero-dell-istruzione,Ministero dell'Istruzione,105,298.14,305,225,385,Good
2026-08-02,855d68ca-973d-484a-9e94-5e6cf265438f,consiglio-regionale-della-calabria,Consiglio Regionale della Calabria,34,297.65,275,275,355,Good
2026-08-02,da926247-2672-4f13-9da2-bab96a552511,geodati-rndt-hvd,Geodati Rndt Hvd,62,294.84,275,255,385,Good
2026-08-02,9016b789-d0f5-417c-8453-1eeed68e2b5a,comune-di-milano,Comune di Milano,2599,293.96,275,255,355,Good
2026-08-02,0c4fd6bf-a5dd-4e01-a2e1-424cd1019859,citta-metropolitana-di-napoli,Citta Metropolitana di Napoli,95,280.89,275,275,355,Good
2026-08-02,94b9330e-0382-4d23-a8f6-03c80ac74355,roma-capitale,Roma Capitale,359,277.59,275,255,405,Good
2026-08-02,3333eed7-8e3a-4ea8-86f1-7241feff768d,regione-lazio,Regione Lazio,409,276.2,275,225,385,Good
2026-08-02,5752ccee-0ab1-4530-97cb-7466219904fd,unione-dei-comuni-valdostani-monte-cervino,Unione dei Comuni Valdostani Monte Cervino,5,275.0,275,275,275,Good
2026-08-02,d9d88285-3187-4d33-87f4-3aff4faf1b52,unione-dei-comuni-valdostani-grand-combin,Unione dei Comuni Valdostani Grand Combin,3,275.0,275,275,275,Good
2026-08-02,8d4dc13b-99b4-47a1-8c85-4e87f115582b,istituto-zooprofilattico-sperimentale-del-mezzogiorno,Istituto Zooprofilattico Sperimentale del Mezzogiorno,15,275.0,275,275,275,Good
2026-08-02,001fcb43-9490-4fc1-a434-526fe7f64a77,azienda-socio-sanitaria-territoriale-nord-milano,Azienda Socio Sanitaria Territoriale Nord Milano,10,275.0,275,275,275,Good
2026-08-02,4cd6b877-e777-47cf-9bb7-6eca27571cde,provincia-di-lodi,Provincia di Lodi,78,275.0,275,275,275,Good
2026-08-02,adba4134-0c06-45a6-9849-27ad745861be,agenzia-nazionale-per-la-sicurezza-delle-ferrovie-e-delle-infrastrutture-stradali-e-autostradali,Agenzia Nazionale per la Sicurezza delle Ferrovie e delle Infrastrutture Stradali e Autostradali,21,275.0,275,275,275,Good
2026-08-02,2a1644f1-58a6-43de-97e3-d15d9873bc64,comune-di-monterotondo,Comune di Monterotondo,12,275.0,275,275,275,Good
2026-08-02,9384baac-63eb-4730-8972-9776ad4bfd1d,comune-di-sesto-san-giovanni,Comune di Sesto San Giovanni,3,275.0,275,275,275,Good
2026-08-02,e5b9a715-0198-4770-a3ec-fba4c674e67f,agenzia-veneta-per-i-pagamenti-avepa,Agenzia Veneta per i Pagamenti Avepa,7,275.0,275,275,275,Good
2026-08-02,9c0f897a-b9fe-4c59-a533-33a809d5bf2d,comune-di-cingoli,Comune di Cingoli,1,275.0,275,275,275,Good
2026-08-02,d858a90f-93fa-4ac7-a78a-5b92196161ef,unione-dei-comuni-valdostani-grand-paradis,Unione dei Comuni Valdostani Grand Paradis,3,275.0,275,275,275,Good
2026-08-02,0d28a036-aa28-46cd-becb-7def5df861d7,regione-lombardia,Regione Lombardia,3299,270.79,265,245,355,Good
2026-08-02,530a4f68-69d3-4278-b965-b74e726a489d,comune-di-vado-ligure,Comune di Vado Ligure,3,261.67,235,235,315,Good
